{"cameraMode":{"drawMode":0,"name":"Shaded","section":"Shading Mode"},"sceneLighting":false,"audioPlay":false,"sceneViewState":{"showFog":true,"showMaterialUpdate":false,"showSkybox":false,"showFlares":true,"showImageEffects":true,"showParticleSystems":true},"in2DMode":false,"pivot":{"x":0.1381244659423828,"y":26.067773818969728,"z":-8.688332557678223},"rotation":{"x":0.43709105253219607,"y":-0.011227637529373169,"z":0.005975611507892609,"w":0.8993273377418518},"size":37.5243034362793,"orthographic":false}